"mt_id","cluster"
"2929_1","1"
"2929_10","1"
"2929_101","1"
"2929_11","1"
"2929_111","1"
"2929_112","1"
"2929_113","1"
"2929_116","1"
"2929_117","1"
"2929_17","1"
"2929_18","1"
"2929_20","1"
"2929_21","1"
"2929_22","1"
"2929_25","1"
"2929_3","1"
"2929_30","1"
"2929_31","1"
"2929_32","1"
"2929_37","1"
"2929_39","1"
"2929_41","1"
"2929_5","2"
"2929_51","1"
"2929_52","1"
"2929_61","1"
"2929_64","1"
"2929_67","1"
"2929_68","1"
"2929_71","1"
"2929_74","1"
"2929_75","1"
"2929_77","1"
"2929_81","1"
"2929_85","1"
"2929_88","1"
"2929_94","1"
"2929_99","1"
"2931_0","2"
"2931_1","2"
"2931_103","3"
"2931_105","2"
"2931_106","3"
"2931_107","3"
"2931_109","2"
"2931_113","2"
"2931_115","2"
"2931_116","2"
"2931_118","2"
"2931_14","2"
"2931_16","2"
"2931_17","2"
"2931_20","2"
"2931_22","1"
"2931_23","2"
"2931_26","2"
"2931_29","2"
"2931_3","1"
"2931_30","2"
"2931_31","2"
"2931_32","2"
"2931_36","2"
"2931_41","2"
"2931_43","1"
"2931_44","2"
"2931_45","3"
"2931_5","2"
"2931_50","2"
"2931_51","1"
"2931_53","2"
"2931_57","2"
"2931_58","2"
"2931_59","2"
"2931_6","2"
"2931_60","2"
"2931_63","3"
"2931_65","2"
"2931_67","2"
"2931_68","2"
"2931_7","2"
"2931_71","2"
"2931_72","2"
"2931_75","2"
"2931_81","2"
"2931_82","2"
"2931_83","2"
"2931_84","2"
"2931_86","2"
"2931_92","2"
"2931_93","2"
"2931_94","2"
"2931_95","2"
"2931_97","3"
"2934_0","2"
"2934_1","3"
"2934_100","1"
"2934_102","2"
"2934_103","2"
"2934_104","2"
"2934_108","1"
"2934_11","2"
"2934_111","2"
"2934_112","2"
"2934_113","1"
"2934_114","2"
"2934_118","2"
"2934_12","2"
"2934_14","1"
"2934_15","2"
"2934_17","2"
"2934_18","1"
"2934_23","1"
"2934_24","1"
"2934_26","1"
"2934_28","2"
"2934_29","1"
"2934_3","2"
"2934_31","1"
"2934_36","1"
"2934_37","1"
"2934_39","2"
"2934_41","2"
"2934_43","2"
"2934_50","2"
"2934_52","2"
"2934_53","2"
"2934_55","2"
"2934_58","2"
"2934_59","2"
"2934_61","1"
"2934_63","1"
"2934_67","2"
"2934_68","2"
"2934_7","2"
"2934_70","1"
"2934_73","1"
"2934_74","1"
"2934_76","1"
"2934_78","2"
"2934_8","2"
"2934_81","2"
"2934_82","1"
"2934_84","1"
"2934_87","2"
"2934_88","1"
"2934_90","1"
"2934_91","2"
"2934_93","1"
"2934_96","2"
"2934_97","1"
"2936_100","2"
"2936_101","2"
"2936_102","2"
"2936_107","2"
"2936_11","2"
"2936_113","2"
"2936_114","2"
"2936_115","2"
"2936_116","2"
"2936_118","2"
"2936_13","2"
"2936_14","2"
"2936_2","2"
"2936_20","2"
"2936_25","2"
"2936_27","2"
"2936_29","2"
"2936_30","2"
"2936_35","2"
"2936_36","2"
"2936_38","2"
"2936_40","2"
"2936_42","2"
"2936_51","2"
"2936_53","2"
"2936_54","2"
"2936_57","2"
"2936_6","2"
"2936_61","2"
"2936_66","2"
"2936_67","2"
"2936_70","2"
"2936_72","2"
"2936_75","2"
"2936_76","2"
"2936_79","2"
"2936_80","2"
"2936_82","2"
"2936_88","2"
"2936_9","2"
"2936_90","2"
"2936_94","2"
"2936_96","2"
"2936_97","2"
"2936_98","2"
"2941_0","2"
"2941_1","2"
"2941_102","2"
"2941_104","1"
"2941_105","2"
"2941_109","2"
"2941_11","2"
"2941_112","1"
"2941_114","2"
"2941_115","2"
"2941_116","2"
"2941_117","2"
"2941_12","2"
"2941_14","2"
"2941_15","2"
"2941_17","1"
"2941_18","2"
"2941_2","2"
"2941_24","2"
"2941_28","2"
"2941_32","2"
"2941_34","2"
"2941_35","2"
"2941_37","2"
"2941_38","2"
"2941_4","2"
"2941_45","2"
"2941_46","2"
"2941_48","2"
"2941_51","2"
"2941_53","2"
"2941_54","2"
"2941_57","2"
"2941_58","2"
"2941_60","2"
"2941_62","2"
"2941_64","2"
"2941_65","2"
"2941_66","2"
"2941_67","2"
"2941_73","2"
"2941_74","2"
"2941_79","2"
"2941_82","2"
"2941_83","2"
"2941_86","2"
"2941_88","2"
"2941_90","2"
"2941_91","2"
"2941_95","1"
"2941_96","2"
"2941_99","2"
"2949_0","3"
"2949_1","2"
"2949_102","1"
"2949_104","2"
"2949_105","2"
"2949_11","2"
"2949_112","2"
"2949_114","2"
"2949_115","3"
"2949_116","2"
"2949_117","3"
"2949_12","2"
"2949_14","2"
"2949_15","2"
"2949_17","2"
"2949_18","2"
"2949_20","1"
"2949_24","1"
"2949_26","1"
"2949_32","2"
"2949_34","3"
"2949_35","2"
"2949_37","1"
"2949_38","1"
"2949_41","1"
"2949_43","1"
"2949_45","2"
"2949_46","1"
"2949_48","2"
"2949_51","1"
"2949_53","2"
"2949_54","2"
"2949_57","1"
"2949_58","1"
"2949_60","1"
"2949_62","2"
"2949_64","2"
"2949_65","2"
"2949_66","2"
"2949_67","2"
"2949_73","1"
"2949_74","2"
"2949_79","2"
"2949_8","1"
"2949_82","2"
"2949_83","2"
"2949_86","1"
"2949_88","1"
"2949_90","2"
"2949_91","1"
"2949_92","2"
"2949_96","2"
"2949_99","2"
"2953_0","3"
"2953_1","3"
"2953_101","1"
"2953_103","1"
"2953_104","2"
"2953_106","1"
"2953_108","1"
"2953_109","2"
"2953_111","2"
"2953_114","2"
"2953_116","1"
"2953_117","1"
"2953_16","2"
"2953_17","2"
"2953_19","2"
"2953_2","2"
"2953_21","2"
"2953_23","2"
"2953_27","2"
"2953_28","2"
"2953_30","1"
"2953_31","3"
"2953_32","2"
"2953_34","1"
"2953_40","2"
"2953_42","2"
"2953_43","1"
"2953_44","1"
"2953_47","2"
"2953_48","2"
"2953_52","2"
"2953_53","2"
"2953_54","3"
"2953_57","1"
"2953_6","1"
"2953_60","3"
"2953_64","1"
"2953_65","1"
"2953_69","1"
"2953_70","1"
"2953_71","3"
"2953_72","3"
"2953_76","3"
"2953_77","1"
"2953_80","1"
"2953_82","1"
"2953_83","1"
"2953_85","1"
"2953_87","2"
"2953_89","1"
"2953_9","2"
"2953_92","2"
"2953_93","3"
"2953_94","1"
"2953_98","1"
"2955_0","1"
"2955_10","1"
"2955_100","1"
"2955_102","1"
"2955_104","1"
"2955_109","1"
"2955_110","1"
"2955_112","1"
"2955_114","1"
"2955_116","1"
"2955_118","1"
"2955_13","1"
"2955_15","1"
"2955_18","1"
"2955_2","2"
"2955_20","1"
"2955_23","1"
"2955_24","1"
"2955_28","1"
"2955_29","1"
"2955_31","1"
"2955_36","1"
"2955_40","1"
"2955_41","1"
"2955_44","1"
"2955_46","1"
"2955_47","1"
"2955_48","1"
"2955_5","1"
"2955_51","1"
"2955_53","1"
"2955_55","1"
"2955_58","1"
"2955_59","1"
"2955_63","1"
"2955_64","1"
"2955_65","1"
"2955_67","1"
"2955_70","1"
"2955_71","1"
"2955_72","1"
"2955_73","1"
"2955_77","1"
"2955_79","1"
"2955_81","1"
"2955_86","1"
"2955_87","1"
"2955_88","1"
"2955_9","1"
"2955_91","1"
"2955_93","1"
"2955_94","1"
"2955_95","1"
"2955_96","1"
"2955_98","1"
"2958_1","1"
"2958_10","2"
"2958_101","1"
"2958_102","2"
"2958_104","1"
"2958_109","1"
"2958_111","2"
"2958_113","1"
"2958_116","1"
"2958_117","1"
"2958_118","2"
"2958_12","2"
"2958_15","2"
"2958_17","2"
"2958_19","2"
"2958_21","2"
"2958_23","2"
"2958_24","2"
"2958_25","2"
"2958_26","2"
"2958_29","2"
"2958_3","1"
"2958_30","2"
"2958_35","2"
"2958_4","2"
"2958_41","2"
"2958_42","2"
"2958_44","1"
"2958_46","2"
"2958_47","1"
"2958_49","1"
"2958_5","2"
"2958_53","2"
"2958_55","2"
"2958_56","1"
"2958_57","2"
"2958_6","2"
"2958_62","2"
"2958_64","2"
"2958_67","2"
"2958_68","1"
"2958_72","2"
"2958_73","1"
"2958_75","1"
"2958_76","2"
"2958_81","2"
"2958_83","2"
"2958_84","1"
"2958_85","2"
"2958_88","2"
"2958_91","1"
"2958_93","1"
"2958_97","2"
"2958_98","1"
"2959_0","1"
"2959_1","1"
"2959_102","3"
"2959_103","2"
"2959_105","1"
"2959_107","3"
"2959_109","2"
"2959_11","2"
"2959_110","2"
"2959_114","3"
"2959_115","2"
"2959_117","3"
"2959_12","1"
"2959_14","1"
"2959_2","1"
"2959_20","2"
"2959_21","2"
"2959_22","1"
"2959_23","1"
"2959_24","1"
"2959_25","2"
"2959_27","2"
"2959_30","1"
"2959_31","2"
"2959_32","2"
"2959_36","2"
"2959_39","2"
"2959_41","2"
"2959_42","2"
"2959_46","2"
"2959_47","2"
"2959_48","2"
"2959_5","2"
"2959_51","2"
"2959_52","2"
"2959_55","2"
"2959_56","2"
"2959_59","2"
"2959_60","2"
"2959_61","3"
"2959_62","2"
"2959_65","3"
"2959_7","2"
"2959_70","2"
"2959_71","3"
"2959_72","2"
"2959_77","1"
"2959_78","1"
"2959_79","3"
"2959_80","2"
"2959_84","1"
"2959_87","2"
"2959_89","3"
"2959_92","1"
"2959_93","1"
"2959_94","3"
"2959_96","2"
"2959_97","3"
"2959_99","2"
"2963_102","2"
"2963_108","2"
"2963_109","2"
"2963_11","1"
"2963_110","2"
"2963_111","2"
"2963_114","2"
"2963_12","1"
"2963_13","1"
"2963_14","1"
"2963_18","2"
"2963_19","1"
"2963_23","2"
"2963_27","2"
"2963_28","2"
"2963_29","2"
"2963_3","1"
"2963_32","2"
"2963_34","1"
"2963_36","1"
"2963_37","2"
"2963_39","2"
"2963_42","2"
"2963_43","2"
"2963_46","2"
"2963_47","2"
"2963_49","1"
"2963_5","1"
"2963_51","1"
"2963_52","2"
"2963_53","2"
"2963_56","1"
"2963_6","1"
"2963_60","1"
"2963_63","2"
"2963_64","2"
"2963_65","2"
"2963_68","2"
"2963_7","1"
"2963_70","2"
"2963_73","2"
"2963_74","2"
"2963_76","2"
"2963_8","1"
"2963_81","2"
"2963_82","1"
"2963_85","2"
"2963_86","2"
"2963_87","2"
"2963_88","2"
"2963_89","2"
"2963_93","2"
"2963_95","1"
"2963_97","2"
"2963_98","2"
"2963_99","1"
"2971_0","3"
"2971_103","1"
"2971_106","2"
"2971_107","1"
"2971_111","1"
"2971_112","1"
"2971_114","1"
"2971_118","1"
"2971_14","2"
"2971_15","1"
"2971_16","2"
"2971_19","2"
"2971_20","2"
"2971_27","2"
"2971_28","1"
"2971_29","1"
"2971_3","3"
"2971_30","1"
"2971_31","1"
"2971_34","1"
"2971_35","1"
"2971_41","1"
"2971_42","1"
"2971_48","1"
"2971_51","1"
"2971_53","1"
"2971_54","1"
"2971_56","2"
"2971_58","1"
"2971_59","1"
"2971_63","1"
"2971_65","1"
"2971_66","1"
"2971_68","1"
"2971_70","1"
"2971_72","1"
"2971_77","1"
"2971_78","1"
"2971_79","1"
"2971_80","2"
"2971_86","1"
"2971_87","1"
"2971_89","1"
"2971_91","1"
"2971_93","1"
"2971_97","1"
"2971_98","1"
"2971_99","1"
"2976_1","2"
"2976_104","2"
"2976_105","1"
"2976_106","1"
"2976_108","1"
"2976_109","1"
"2976_11","2"
"2976_112","2"
"2976_115","1"
"2976_116","1"
"2976_117","2"
"2976_12","2"
"2976_13","2"
"2976_14","2"
"2976_16","1"
"2976_17","2"
"2976_23","1"
"2976_27","2"
"2976_3","2"
"2976_30","2"
"2976_37","1"
"2976_40","2"
"2976_41","1"
"2976_42","2"
"2976_45","2"
"2976_48","2"
"2976_49","2"
"2976_51","2"
"2976_54","1"
"2976_57","2"
"2976_58","2"
"2976_6","1"
"2976_60","1"
"2976_62","1"
"2976_64","2"
"2976_67","2"
"2976_70","2"
"2976_73","2"
"2976_75","2"
"2976_79","2"
"2976_8","2"
"2976_81","2"
"2976_82","1"
"2976_84","2"
"2976_85","2"
"2976_86","1"
"2976_87","2"
"2976_88","1"
"2976_93","1"
"2976_95","2"
"2976_96","1"
"2976_98","2"
"2978_0","2"
"2978_1","1"
"2978_10","1"
"2978_100","1"
"2978_101","1"
"2978_102","2"
"2978_104","1"
"2978_105","2"
"2978_108","1"
"2978_109","1"
"2978_11","1"
"2978_111","1"
"2978_113","1"
"2978_116","2"
"2978_117","1"
"2978_12","2"
"2978_15","1"
"2978_16","1"
"2978_18","1"
"2978_19","2"
"2978_20","2"
"2978_24","1"
"2978_27","1"
"2978_29","1"
"2978_3","2"
"2978_30","1"
"2978_31","1"
"2978_36","2"
"2978_40","1"
"2978_41","1"
"2978_42","1"
"2978_45","2"
"2978_49","1"
"2978_5","2"
"2978_53","1"
"2978_54","1"
"2978_55","1"
"2978_56","1"
"2978_58","1"
"2978_60","1"
"2978_62","3"
"2978_66","1"
"2978_68","2"
"2978_69","1"
"2978_70","1"
"2978_72","1"
"2978_73","1"
"2978_75","1"
"2978_78","1"
"2978_79","1"
"2978_81","1"
"2978_84","1"
"2978_88","2"
"2978_92","1"
"2978_94","1"
"2978_95","1"
"2983_102","2"
"2983_103","2"
"2983_105","3"
"2983_107","2"
"2983_109","2"
"2983_110","2"
"2983_113","2"
"2983_114","3"
"2983_116","2"
"2983_13","3"
"2983_2","3"
"2983_20","3"
"2983_25","1"
"2983_26","1"
"2983_27","1"
"2983_34","2"
"2983_38","1"
"2983_39","1"
"2983_43","3"
"2983_47","2"
"2983_49","2"
"2983_5","3"
"2983_53","2"
"2983_54","2"
"2983_55","2"
"2983_6","3"
"2983_61","2"
"2983_64","2"
"2983_65","2"
"2983_66","2"
"2983_67","3"
"2983_71","2"
"2983_73","2"
"2983_76","2"
"2983_78","2"
"2983_79","2"
"2983_82","2"
"2983_85","2"
"2983_86","2"
"2983_89","3"
"2983_90","2"
"2983_93","3"
"2983_96","2"
"2983_97","2"
"2983_99","2"
"2996_100","3"
"2996_101","3"
"2996_102","3"
"2996_11","3"
"2996_113","3"
"2996_115","3"
"2996_13","3"
"2996_16","3"
"2996_20","3"
"2996_25","3"
"2996_30","2"
"2996_36","2"
"2996_38","3"
"2996_42","3"
"2996_50","1"
"2996_51","3"
"2996_53","3"
"2996_6","3"
"2996_61","3"
"2996_63","3"
"2996_67","3"
"2996_76","3"
"2996_80","3"
"2996_82","3"
"2996_9","3"
"2996_94","3"
"2997_0","2"
"2997_1","2"
"2997_10","2"
"2997_103","2"
"2997_104","3"
"2997_106","3"
"2997_109","2"
"2997_11","2"
"2997_110","3"
"2997_112","2"
"2997_114","2"
"2997_115","3"
"2997_117","3"
"2997_12","2"
"2997_15","2"
"2997_16","2"
"2997_17","2"
"2997_19","2"
"2997_22","2"
"2997_24","2"
"2997_27","2"
"2997_28","2"
"2997_29","2"
"2997_32","3"
"2997_35","3"
"2997_38","2"
"2997_42","3"
"2997_44","3"
"2997_46","2"
"2997_47","2"
"2997_49","2"
"2997_53","3"
"2997_55","3"
"2997_57","2"
"2997_6","2"
"2997_62","3"
"2997_64","2"
"2997_66","2"
"2997_67","2"
"2997_68","3"
"2997_7","2"
"2997_73","2"
"2997_75","2"
"2997_76","2"
"2997_78","3"
"2997_79","3"
"2997_82","3"
"2997_86","3"
"2997_88","3"
"2997_91","3"
"2997_93","2"
"2997_94","2"
"2997_97","3"
"2997_98","2"
"2997_99","2"
"3020_0","2"
"3020_104","2"
"3020_106","3"
"3020_107","2"
"3020_109","2"
"3020_110","3"
"3020_112","3"
"3020_116","2"
"3020_12","3"
"3020_15","2"
"3020_17","3"
"3020_19","3"
"3020_21","2"
"3020_23","3"
"3020_28","3"
"3020_30","2"
"3020_32","2"
"3020_33","3"
"3020_34","3"
"3020_38","2"
"3020_39","2"
"3020_4","3"
"3020_40","3"
"3020_41","3"
"3020_46","3"
"3020_48","2"
"3020_5","2"
"3020_52","3"
"3020_53","3"
"3020_54","3"
"3020_55","2"
"3020_6","3"
"3020_63","2"
"3020_65","3"
"3020_67","2"
"3020_70","3"
"3020_71","2"
"3020_73","2"
"3020_76","3"
"3020_77","2"
"3020_78","3"
"3020_80","2"
"3020_83","3"
"3020_89","3"
"3020_9","3"
"3020_90","3"
"3020_94","2"
"3020_95","3"
"3020_97","3"
"3023_0","3"
"3023_1","3"
"3023_102","3"
"3023_105","2"
"3023_106","2"
"3023_107","2"
"3023_108","2"
"3023_113","3"
"3023_115","2"
"3023_117","3"
"3023_118","3"
"3023_12","3"
"3023_13","3"
"3023_14","2"
"3023_17","2"
"3023_19","2"
"3023_2","3"
"3023_21","3"
"3023_26","3"
"3023_29","3"
"3023_31","3"
"3023_32","2"
"3023_34","2"
"3023_36","2"
"3023_39","3"
"3023_4","2"
"3023_44","3"
"3023_47","3"
"3023_5","2"
"3023_51","2"
"3023_54","3"
"3023_55","2"
"3023_58","3"
"3023_59","3"
"3023_61","3"
"3023_62","3"
"3023_63","2"
"3023_66","2"
"3023_68","1"
"3023_71","3"
"3023_74","3"
"3023_77","3"
"3023_79","2"
"3023_80","2"
"3023_82","3"
"3023_89","2"
"3023_90","3"
"3023_94","3"
"3023_96","3"
"3023_97","3"
"3023_98","2"
"3025_0","2"
"3025_117","1"
"3025_15","1"
"3025_2","2"
"3025_26","2"
"3025_3","2"
"3025_53","2"
"3025_56","1"
"3025_6","2"
"3025_7","3"
"3025_9","2"
"3026_0","2"
"3026_10","2"
"3026_101","2"
"3026_102","2"
"3026_104","2"
"3026_105","2"
"3026_108","2"
"3026_112","2"
"3026_113","2"
"3026_114","2"
"3026_115","3"
"3026_12","2"
"3026_13","2"
"3026_16","2"
"3026_18","2"
"3026_21","2"
"3026_22","2"
"3026_25","1"
"3026_26","1"
"3026_3","1"
"3026_30","3"
"3026_33","2"
"3026_35","2"
"3026_39","2"
"3026_41","3"
"3026_45","2"
"3026_47","3"
"3026_49","2"
"3026_5","1"
"3026_51","2"
"3026_52","1"
"3026_58","1"
"3026_59","2"
"3026_6","2"
"3026_61","2"
"3026_67","2"
"3026_69","2"
"3026_71","1"
"3026_74","2"
"3026_77","3"
"3026_78","1"
"3026_81","2"
"3026_86","2"
"3026_88","2"
"3026_89","1"
"3026_9","1"
"3026_91","2"
"3026_94","2"
"3026_95","1"
"3026_98","1"
"3028_0","2"
"3028_1","2"
"3028_100","1"
"3028_103","2"
"3028_106","2"
"3028_107","2"
"3028_108","2"
"3028_109","2"
"3028_113","2"
"3028_114","2"
"3028_115","2"
"3028_17","2"
"3028_19","2"
"3028_2","2"
"3028_20","2"
"3028_22","2"
"3028_25","1"
"3028_26","2"
"3028_27","1"
"3028_28","2"
"3028_29","2"
"3028_35","2"
"3028_36","2"
"3028_4","2"
"3028_42","2"
"3028_43","2"
"3028_44","1"
"3028_45","2"
"3028_47","2"
"3028_48","2"
"3028_49","2"
"3028_52","2"
"3028_54","2"
"3028_56","1"
"3028_59","1"
"3028_6","2"
"3028_63","2"
"3028_64","2"
"3028_65","2"
"3028_70","1"
"3028_71","2"
"3028_74","2"
"3028_75","2"
"3028_80","2"
"3028_81","2"
"3028_82","2"
"3028_83","2"
"3028_84","2"
"3028_85","2"
"3028_86","2"
"3028_89","2"
"3028_91","2"
"3028_96","2"
"3028_97","2"
"3028_99","2"
"3030_0","2"
"3030_10","1"
"3030_100","2"
"3030_101","1"
"3030_102","2"
"3030_103","1"
"3030_104","1"
"3030_107","1"
"3030_11","1"
"3030_110","3"
"3030_111","3"
"3030_112","1"
"3030_115","2"
"3030_12","1"
"3030_13","1"
"3030_14","1"
"3030_19","1"
"3030_21","1"
"3030_24","1"
"3030_25","1"
"3030_26","1"
"3030_27","1"
"3030_31","1"
"3030_32","1"
"3030_36","1"
"3030_37","1"
"3030_39","1"
"3030_41","1"
"3030_46","1"
"3030_47","1"
"3030_49","1"
"3030_52","2"
"3030_53","2"
"3030_55","1"
"3030_58","1"
"3030_60","1"
"3030_64","1"
"3030_66","1"
"3030_68","2"
"3030_69","2"
"3030_7","1"
"3030_71","2"
"3030_89","1"
"3030_9","1"
"3030_99","2"
"3032_0","2"
"3032_1","2"
"3032_100","1"
"3032_101","2"
"3032_106","2"
"3032_107","2"
"3032_108","2"
"3032_109","2"
"3032_111","1"
"3032_114","2"
"3032_118","2"
"3032_13","2"
"3032_14","2"
"3032_17","2"
"3032_2","2"
"3032_22","2"
"3032_23","2"
"3032_27","2"
"3032_29","2"
"3032_30","2"
"3032_31","2"
"3032_34","1"
"3032_35","2"
"3032_38","2"
"3032_39","2"
"3032_4","2"
"3032_40","2"
"3032_42","1"
"3032_44","2"
"3032_45","2"
"3032_49","2"
"3032_5","2"
"3032_50","2"
"3032_52","2"
"3032_54","2"
"3032_55","2"
"3032_58","2"
"3032_6","1"
"3032_60","2"
"3032_61","1"
"3032_62","2"
"3032_65","2"
"3032_73","2"
"3032_78","2"
"3032_79","2"
"3032_81","2"
"3032_84","1"
"3032_85","2"
"3032_88","2"
"3032_93","2"
"3032_95","1"
"3032_96","1"
"3032_99","2"
"3054_0","2"
"3054_101","2"
"3054_102","2"
"3054_104","2"
"3054_105","2"
"3054_111","2"
"3054_112","2"
"3054_113","2"
"3054_114","2"
"3054_115","3"
"3054_18","2"
"3054_22","2"
"3054_25","2"
"3054_26","2"
"3054_27","2"
"3054_30","3"
"3054_33","2"
"3054_35","2"
"3054_39","2"
"3054_41","3"
"3054_44","2"
"3054_45","2"
"3054_47","2"
"3054_49","2"
"3054_52","2"
"3054_54","2"
"3054_58","2"
"3054_59","2"
"3054_6","1"
"3054_61","1"
"3054_67","2"
"3054_69","3"
"3054_70","2"
"3054_71","2"
"3054_80","2"
"3054_81","2"
"3054_89","2"
"3054_9","1"
"3054_91","2"
"3054_94","2"
"3058_0","3"
"3058_1","2"
"3058_10","3"
"3058_100","2"
"3058_101","3"
"3058_102","3"
"3058_104","2"
"3058_105","3"
"3058_109","3"
"3058_11","2"
"3058_111","2"
"3058_113","2"
"3058_116","2"
"3058_117","2"
"3058_12","2"
"3058_15","1"
"3058_16","2"
"3058_18","3"
"3058_19","2"
"3058_20","3"
"3058_24","1"
"3058_27","3"
"3058_29","3"
"3058_3","3"
"3058_30","3"
"3058_31","2"
"3058_36","2"
"3058_40","2"
"3058_41","3"
"3058_42","2"
"3058_45","3"
"3058_49","2"
"3058_5","2"
"3058_53","2"
"3058_54","2"
"3058_55","3"
"3058_56","2"
"3058_58","1"
"3058_60","3"
"3058_62","3"
"3058_66","3"
"3058_68","3"
"3058_69","1"
"3058_70","2"
"3058_73","3"
"3058_75","2"
"3058_78","3"
"3058_79","2"
"3058_84","3"
"3058_88","3"
"3058_92","2"
"3058_94","3"
"3061_10","1"
"3061_100","1"
"3061_101","2"
"3061_102","2"
"3061_109","2"
"3061_111","2"
"3061_113","2"
"3061_116","1"
"3061_117","1"
"3061_118","2"
"3061_12","3"
"3061_15","3"
"3061_17","3"
"3061_23","2"
"3061_24","1"
"3061_25","1"
"3061_26","1"
"3061_29","2"
"3061_3","3"
"3061_35","1"
"3061_41","2"
"3061_42","2"
"3061_44","1"
"3061_46","2"
"3061_47","2"
"3061_49","2"
"3061_5","3"
"3061_55","1"
"3061_56","1"
"3061_57","3"
"3061_59","1"
"3061_6","3"
"3061_64","2"
"3061_65","1"
"3061_67","2"
"3061_72","2"
"3061_73","2"
"3061_75","2"
"3061_81","1"
"3061_83","2"
"3061_84","2"
"3061_85","3"
"3061_91","1"
"3061_93","1"
"3061_97","2"
"3061_98","3"
"3089_1","1"
"3089_100","1"
"3089_103","2"
"3089_104","2"
"3089_105","3"
"3089_107","2"
"3089_11","1"
"3089_111","1"
"3089_112","2"
"3089_114","2"
"3089_116","2"
"3089_118","1"
"3089_14","2"
"3089_15","1"
"3089_2","2"
"3089_20","2"
"3089_22","1"
"3089_23","2"
"3089_25","1"
"3089_27","1"
"3089_28","2"
"3089_29","1"
"3089_30","1"
"3089_34","2"
"3089_36","1"
"3089_38","2"
"3089_39","2"
"3089_40","1"
"3089_43","2"
"3089_47","2"
"3089_49","1"
"3089_5","2"
"3089_50","1"
"3089_52","1"
"3089_54","1"
"3089_58","2"
"3089_59","2"
"3089_6","2"
"3089_61","1"
"3089_62","2"
"3089_65","2"
"3089_67","1"
"3089_69","1"
"3089_72","1"
"3089_74","2"
"3089_75","1"
"3089_77","2"
"3089_78","2"
"3089_79","2"
"3089_83","2"
"3089_84","1"
"3089_87","1"
"3089_88","1"
"3089_90","2"
"3089_93","2"
"3089_95","1"
"3089_96","2"
"3093_0","2"
"3093_1","2"
"3093_101","2"
"3093_102","2"
"3093_103","2"
"3093_104","2"
"3093_107","2"
"3093_111","2"
"3093_112","2"
"3093_113","2"
"3093_118","2"
"3093_13","2"
"3093_14","2"
"3093_19","1"
"3093_2","2"
"3093_21","1"
"3093_23","2"
"3093_24","2"
"3093_26","2"
"3093_27","2"
"3093_28","2"
"3093_3","2"
"3093_31","2"
"3093_35","1"
"3093_36","2"
"3093_38","2"
"3093_39","2"
"3093_40","2"
"3093_41","2"
"3093_42","2"
"3093_49","2"
"3093_52","1"
"3093_55","2"
"3093_56","1"
"3093_58","2"
"3093_59","2"
"3093_60","2"
"3093_65","2"
"3093_68","2"
"3093_69","2"
"3093_7","2"
"3093_70","2"
"3093_71","2"
"3093_77","2"
"3093_78","2"
"3093_8","2"
"3093_82","2"
"3093_83","1"
"3093_84","2"
"3093_85","2"
"3093_86","2"
"3093_90","2"
"3093_91","2"
"3093_95","1"
"3093_98","1"
"3096_100","2"
"3096_104","2"
"3096_105","3"
"3096_107","2"
"3096_111","2"
"3096_112","3"
"3096_114","2"
"3096_116","1"
"3096_118","2"
"3096_14","2"
"3096_15","2"
"3096_20","2"
"3096_22","2"
"3096_23","3"
"3096_25","2"
"3096_27","2"
"3096_28","3"
"3096_29","1"
"3096_30","2"
"3096_36","1"
"3096_38","2"
"3096_39","2"
"3096_40","2"
"3096_43","2"
"3096_47","2"
"3096_49","2"
"3096_50","2"
"3096_52","1"
"3096_54","2"
"3096_58","2"
"3096_59","2"
"3096_61","2"
"3096_62","2"
"3096_69","2"
"3096_7","3"
"3096_72","2"
"3096_74","2"
"3096_75","1"
"3096_79","2"
"3096_83","2"
"3096_87","2"
"3096_88","2"
"3096_93","2"
"3096_95","1"
"3096_96","3"
"3110_1","2"
"3110_10","2"
"3110_101","2"
"3110_104","3"
"3110_105","2"
"3110_109","2"
"3110_110","2"
"3110_111","2"
"3110_112","2"
"3110_114","2"
"3110_115","2"
"3110_12","2"
"3110_13","2"
"3110_16","2"
"3110_18","2"
"3110_2","2"
"3110_24","2"
"3110_25","2"
"3110_28","2"
"3110_29","2"
"3110_3","2"
"3110_30","2"
"3110_32","2"
"3110_35","2"
"3110_36","2"
"3110_38","2"
"3110_40","2"
"3110_47","2"
"3110_49","2"
"3110_5","2"
"3110_52","2"
"3110_54","2"
"3110_57","2"
"3110_58","2"
"3110_60","2"
"3110_62","2"
"3110_64","2"
"3110_65","3"
"3110_66","2"
"3110_70","2"
"3110_73","3"
"3110_74","2"
"3110_76","2"
"3110_77","2"
"3110_79","2"
"3110_8","2"
"3110_81","2"
"3110_85","2"
"3110_88","2"
"3110_89","3"
"3110_90","2"
"3110_91","2"
"3110_92","2"
"3110_95","2"
"3110_96","2"
"3110_97","3"
"3112_0","3"
"3112_101","2"
"3112_102","1"
"3112_105","1"
"3112_107","1"
"3112_108","1"
"3112_109","1"
"3112_111","1"
"3112_114","1"
"3112_117","1"
"3112_12","3"
"3112_14","3"
"3112_19","3"
"3112_28","3"
"3112_3","3"
"3112_33","3"
"3112_34","3"
"3112_39","3"
"3112_42","3"
"3112_47","3"
"3112_48","1"
"3112_49","2"
"3112_51","2"
"3112_54","1"
"3112_59","1"
"3112_6","3"
"3112_61","1"
"3112_62","1"
"3112_63","1"
"3112_65","2"
"3112_66","1"
"3112_72","1"
"3112_74","2"
"3112_75","1"
"3112_77","2"
"3112_80","1"
"3112_81","1"
"3112_83","1"
"3112_85","1"
"3112_86","1"
"3112_87","2"
"3112_89","2"
"3112_92","1"
"3112_97","1"
"3112_98","1"
"3112_99","2"
"3115_10","3"
"3115_102","3"
"3115_103","3"
"3115_104","3"
"3115_11","3"
"3115_111","3"
"3115_112","3"
"3115_116","3"
"3115_17","3"
"3115_2","3"
"3115_20","3"
"3115_21","3"
"3115_22","3"
"3115_25","3"
"3115_3","3"
"3115_30","3"
"3115_31","3"
"3115_34","3"
"3115_36","3"
"3115_37","3"
"3115_46","3"
"3115_51","3"
"3115_52","3"
"3115_54","1"
"3115_57","3"
"3115_62","3"
"3115_64","3"
"3115_67","3"
"3115_71","3"
"3115_77","3"
"3115_86","3"
"3115_92","3"
"3117_0","2"
"3117_100","2"
"3117_103","2"
"3117_106","2"
"3117_108","3"
"3117_109","3"
"3117_11","3"
"3117_111","3"
"3117_112","2"
"3117_113","2"
"3117_116","2"
"3117_14","2"
"3117_17","2"
"3117_19","2"
"3117_2","2"
"3117_20","2"
"3117_21","2"
"3117_23","2"
"3117_24","2"
"3117_29","2"
"3117_31","2"
"3117_32","3"
"3117_34","2"
"3117_37","2"
"3117_38","2"
"3117_39","2"
"3117_42","2"
"3117_47","2"
"3117_48","2"
"3117_50","2"
"3117_52","3"
"3117_53","3"
"3117_57","2"
"3117_6","3"
"3117_60","2"
"3117_61","2"
"3117_63","2"
"3117_64","2"
"3117_66","2"
"3117_69","2"
"3117_7","2"
"3117_72","2"
"3117_73","1"
"3117_74","2"
"3117_76","3"
"3117_8","3"
"3117_80","3"
"3117_82","2"
"3117_84","2"
"3117_87","2"
"3117_88","3"
"3117_91","2"
"3117_92","3"
"3117_96","2"
"3117_97","3"
"3117_99","3"
"3121_0","3"
"3121_105","3"
"3121_108","3"
"3121_113","3"
"3121_116","3"
"3121_13","3"
"3121_14","3"
"3121_17","3"
"3121_25","3"
"3121_30","3"
"3121_35","3"
"3121_43","3"
"3121_44","3"
"3121_51","3"
"3121_54","3"
"3121_56","3"
"3121_60","3"
"3121_68","3"
"3121_70","3"
"3121_73","1"
"3121_78","3"
"3121_79","3"
"3121_8","3"
"3121_80","3"
"3121_83","3"
"3121_9","3"
"3121_91","2"
"3121_94","3"
"3121_97","3"
"3121_99","3"
"3122_100","2"
"3122_106","2"
"3122_109","2"
"3122_11","1"
"3122_111","2"
"3122_113","2"
"3122_114","3"
"3122_116","3"
"3122_117","2"
"3122_14","1"
"3122_15","2"
"3122_16","2"
"3122_2","2"
"3122_20","2"
"3122_21","3"
"3122_23","1"
"3122_24","2"
"3122_25","1"
"3122_28","2"
"3122_29","2"
"3122_3","2"
"3122_31","2"
"3122_35","1"
"3122_37","2"
"3122_4","2"
"3122_40","2"
"3122_42","2"
"3122_43","1"
"3122_45","3"
"3122_5","3"
"3122_52","3"
"3122_53","3"
"3122_56","2"
"3122_57","2"
"3122_58","2"
"3122_60","1"
"3122_61","3"
"3122_65","2"
"3122_66","2"
"3122_68","3"
"3122_69","2"
"3122_71","2"
"3122_72","2"
"3122_73","3"
"3122_76","2"
"3122_82","3"
"3122_84","2"
"3122_87","3"
"3122_9","3"
"3122_90","3"
"3122_91","2"
"3122_92","3"
"3122_96","2"
"3122_98","2"
"3122_99","3"
"3128_101","1"
"3128_103","2"
"3128_105","1"
"3128_106","1"
"3128_107","1"
"3128_109","1"
"3128_11","3"
"3128_110","1"
"3128_112","1"
"3128_115","1"
"3128_117","1"
"3128_13","3"
"3128_16","3"
"3128_21","3"
"3128_23","3"
"3128_24","1"
"3128_25","1"
"3128_28","1"
"3128_29","1"
"3128_30","2"
"3128_35","1"
"3128_36","1"
"3128_40","1"
"3128_41","1"
"3128_45","1"
"3128_47","1"
"3128_48","1"
"3128_49","1"
"3128_53","2"
"3128_56","1"
"3128_59","1"
"3128_6","3"
"3128_60","1"
"3128_62","1"
"3128_64","1"
"3128_65","1"
"3128_66","1"
"3128_71","1"
"3128_72","1"
"3128_78","1"
"3128_79","1"
"3128_82","2"
"3128_85","3"
"3128_86","1"
"3128_87","1"
"3128_88","1"
"3128_89","1"
"3128_94","1"
"3128_97","1"
"3453_1","2"
"3453_11","1"
"3453_111","2"
"3453_115","2"
"3453_117","2"
"3453_13","2"
"3453_26","1"
"3453_27","2"
"3453_3","2"
"3453_31","2"
"3453_37","2"
"3453_4","2"
"3453_40","2"
"3453_42","2"
"3453_48","2"
"3453_49","2"
"3453_5","2"
"3453_51","1"
"3453_58","2"
"3453_6","2"
"3453_61","2"
"3453_62","3"
"3453_64","2"
"3453_69","1"
"3453_70","2"
"3453_71","1"
"3453_75","3"
"3453_76","2"
"3453_80","2"
"3453_82","2"
"3453_87","3"
"3453_89","1"
"3453_97","2"
"3453_99","2"
"3454_0","1"
"3454_10","1"
"3454_101","1"
"3454_103","1"
"3454_106","1"
"3454_108","1"
"3454_109","1"
"3454_11","1"
"3454_110","1"
"3454_112","1"
"3454_118","1"
"3454_13","1"
"3454_15","1"
"3454_18","1"
"3454_2","1"
"3454_20","1"
"3454_21","1"
"3454_24","1"
"3454_25","1"
"3454_29","1"
"3454_30","1"
"3454_32","1"
"3454_33","1"
"3454_37","1"
"3454_38","1"
"3454_39","1"
"3454_42","1"
"3454_43","1"
"3454_44","2"
"3454_47","2"
"3454_48","2"
"3454_49","1"
"3454_52","1"
"3454_54","1"
"3454_59","1"
"3454_60","1"
"3454_61","1"
"3454_64","1"
"3454_65","1"
"3454_66","1"
"3454_7","1"
"3454_75","1"
"3454_77","1"
"3454_78","1"
"3454_81","1"
"3454_82","1"
"3454_84","1"
"3454_85","1"
"3454_87","1"
"3454_89","1"
"3454_91","1"
"3454_94","1"
"3454_95","1"
"3454_98","1"
"3454_99","1"
"3455_0","1"
"3455_1","2"
"3455_100","1"
"3455_108","1"
"3455_11","1"
"3455_111","1"
"3455_112","1"
"3455_114","1"
"3455_118","1"
"3455_12","1"
"3455_14","1"
"3455_15","2"
"3455_17","1"
"3455_18","1"
"3455_23","1"
"3455_24","1"
"3455_26","1"
"3455_28","2"
"3455_29","1"
"3455_3","1"
"3455_31","1"
"3455_36","1"
"3455_37","1"
"3455_39","1"
"3455_41","1"
"3455_43","1"
"3455_45","1"
"3455_50","1"
"3455_52","1"
"3455_53","1"
"3455_55","1"
"3455_57","1"
"3455_58","1"
"3455_59","1"
"3455_61","1"
"3455_63","1"
"3455_67","1"
"3455_7","1"
"3455_70","1"
"3455_73","1"
"3455_74","1"
"3455_76","1"
"3455_78","2"
"3455_8","1"
"3455_81","1"
"3455_88","1"
"3455_90","1"
"3455_91","1"
"3455_96","1"
"3455_97","1"
"3457_0","1"
"3457_1","2"
"3457_100","1"
"3457_101","2"
"3457_107","2"
"3457_108","2"
"3457_109","2"
"3457_111","2"
"3457_114","1"
"3457_118","2"
"3457_12","2"
"3457_13","2"
"3457_14","2"
"3457_17","2"
"3457_2","2"
"3457_22","2"
"3457_23","2"
"3457_27","2"
"3457_29","2"
"3457_30","2"
"3457_31","2"
"3457_34","1"
"3457_35","2"
"3457_38","2"
"3457_39","2"
"3457_4","2"
"3457_40","2"
"3457_42","2"
"3457_44","2"
"3457_45","1"
"3457_49","2"
"3457_5","2"
"3457_50","2"
"3457_52","2"
"3457_54","2"
"3457_55","2"
"3457_58","1"
"3457_6","2"
"3457_60","2"
"3457_61","2"
"3457_62","2"
"3457_65","1"
"3457_68","2"
"3457_73","1"
"3457_74","1"
"3457_78","2"
"3457_79","1"
"3457_81","2"
"3457_82","1"
"3457_84","2"
"3457_85","1"
"3457_93","2"
"3457_94","1"
"3457_95","1"
"3457_96","1"
"3457_99","2"
"3459_0","1"
"3459_10","1"
"3459_100","1"
"3459_101","1"
"3459_102","1"
"3459_105","1"
"3459_108","1"
"3459_109","1"
"3459_11","1"
"3459_112","1"
"3459_113","1"
"3459_117","1"
"3459_118","1"
"3459_14","1"
"3459_15","1"
"3459_17","1"
"3459_19","1"
"3459_2","1"
"3459_22","1"
"3459_23","1"
"3459_24","1"
"3459_28","1"
"3459_29","1"
"3459_3","1"
"3459_30","1"
"3459_35","1"
"3459_38","1"
"3459_39","1"
"3459_4","1"
"3459_44","1"
"3459_45","1"
"3459_46","1"
"3459_47","1"
"3459_48","1"
"3459_50","1"
"3459_51","1"
"3459_55","1"
"3459_58","1"
"3459_59","1"
"3459_60","1"
"3459_61","1"
"3459_65","1"
"3459_67","1"
"3459_68","2"
"3459_72","1"
"3459_75","1"
"3459_76","1"
"3459_82","1"
"3459_83","1"
"3459_85","1"
"3459_87","1"
"3459_88","1"
"3459_89","1"
"3459_93","1"
"3459_94","1"
"3459_98","1"
"3461_1","1"
"3461_10","1"
"3461_100","1"
"3461_101","1"
"3461_102","1"
"3461_103","1"
"3461_109","1"
"3461_110","1"
"3461_112","1"
"3461_114","1"
"3461_116","1"
"3461_117","1"
"3461_12","1"
"3461_14","1"
"3461_17","1"
"3461_2","1"
"3461_23","1"
"3461_24","1"
"3461_26","1"
"3461_3","1"
"3461_31","1"
"3461_34","2"
"3461_36","1"
"3461_37","1"
"3461_40","1"
"3461_45","1"
"3461_46","1"
"3461_48","2"
"3461_49","1"
"3461_5","1"
"3461_52","1"
"3461_54","1"
"3461_56","1"
"3461_58","1"
"3461_60","1"
"3461_61","1"
"3461_63","1"
"3461_69","1"
"3461_70","1"
"3461_75","1"
"3461_76","1"
"3461_77","1"
"3461_79","1"
"3461_80","1"
"3461_81","1"
"3461_83","1"
"3461_87","1"
"3461_88","1"
"3461_9","1"
"3461_91","1"
"3461_92","1"
"3461_93","1"
"3461_96","1"
"3461_99","1"
"3463_0","2"
"3463_10","2"
"3463_101","2"
"3463_102","2"
"3463_104","2"
"3463_105","2"
"3463_108","2"
"3463_111","2"
"3463_112","2"
"3463_113","2"
"3463_114","2"
"3463_115","3"
"3463_12","2"
"3463_13","2"
"3463_16","2"
"3463_18","2"
"3463_21","3"
"3463_22","2"
"3463_25","2"
"3463_27","2"
"3463_30","3"
"3463_33","2"
"3463_35","2"
"3463_39","2"
"3463_41","3"
"3463_44","2"
"3463_45","2"
"3463_47","3"
"3463_49","1"
"3463_5","2"
"3463_51","2"
"3463_52","2"
"3463_54","2"
"3463_58","2"
"3463_59","2"
"3463_6","2"
"3463_61","2"
"3463_67","2"
"3463_69","2"
"3463_70","2"
"3463_71","3"
"3463_74","2"
"3463_77","2"
"3463_80","2"
"3463_81","2"
"3463_86","2"
"3463_88","2"
"3463_89","2"
"3463_9","1"
"3463_91","2"
"3463_92","2"
"3463_94","2"
"3463_95","2"
"3463_98","2"
"3465_0","1"
"3465_1","1"
"3465_101","2"
"3465_106","2"
"3465_107","2"
"3465_108","3"
"3465_109","3"
"3465_111","2"
"3465_114","2"
"3465_12","1"
"3465_13","2"
"3465_14","1"
"3465_17","1"
"3465_2","2"
"3465_22","2"
"3465_23","2"
"3465_27","2"
"3465_29","2"
"3465_30","2"
"3465_31","1"
"3465_34","2"
"3465_35","2"
"3465_38","2"
"3465_39","2"
"3465_4","1"
"3465_40","1"
"3465_42","1"
"3465_44","2"
"3465_49","2"
"3465_5","2"
"3465_50","2"
"3465_52","1"
"3465_54","2"
"3465_55","2"
"3465_58","2"
"3465_6","1"
"3465_60","2"
"3465_61","2"
"3465_62","2"
"3465_68","2"
"3465_73","2"
"3465_74","2"
"3465_78","2"
"3465_79","2"
"3465_81","2"
"3465_82","2"
"3465_84","2"
"3465_85","2"
"3465_87","1"
"3465_88","2"
"3465_93","2"
"3465_94","1"
"3465_95","2"
"3465_96","2"
"3465_99","2"
"3467_0","3"
"3467_1","3"
"3467_100","3"
"3467_101","3"
"3467_106","1"
"3467_108","3"
"3467_111","3"
"3467_114","3"
"3467_17","3"
"3467_2","3"
"3467_22","1"
"3467_29","3"
"3467_30","3"
"3467_34","3"
"3467_39","3"
"3467_4","3"
"3467_49","3"
"3467_54","3"
"3467_58","3"
"3467_6","3"
"3467_60","3"
"3467_73","3"
"3467_74","3"
"3467_81","3"
"3467_84","3"
"3467_87","3"
"3467_99","3"
"3478_10","1"
"3478_100","3"
"3478_101","3"
"3478_103","1"
"3478_105","2"
"3478_106","2"
"3478_108","2"
"3478_109","1"
"3478_11","2"
"3478_113","1"
"3478_116","1"
"3478_12","2"
"3478_13","2"
"3478_18","2"
"3478_20","1"
"3478_21","2"
"3478_22","2"
"3478_25","2"
"3478_27","1"
"3478_29","2"
"3478_31","1"
"3478_34","1"
"3478_37","1"
"3478_38","1"
"3478_39","2"
"3478_4","2"
"3478_41","1"
"3478_42","1"
"3478_48","2"
"3478_49","2"
"3478_51","2"
"3478_53","2"
"3478_6","1"
"3478_61","2"
"3478_62","2"
"3478_63","3"
"3478_67","2"
"3478_68","2"
"3478_7","2"
"3478_70","2"
"3478_71","1"
"3478_75","2"
"3478_79","2"
"3478_81","2"
"3478_82","2"
"3478_87","1"
"3478_9","1"
"3478_90","2"
"3478_91","2"
"3478_92","2"
"3478_94","2"
"3478_96","1"
